Empreendimento;;;;;;;;;;;;;;;;
Nome:;;FUNDAÇÃO JARDIM ZOOLÓGICO DE BRASÍLIA;;;;;;;;CPF/CNPJ:;;;02.537.782/0001-28;;;
Responsável:;;GERSON DE OLIVEIRA NORBERTO;;;;Tipo:;20-25 Instrução Normativa IBAMA nº 7/2015: art. 3º, X (jard;;;;;;;;;
Endereço:;;AVENIDA DAS NAÇÕES VIA L/4 SUL - ASA SUL - 70610-100;;;;;;;;;;;;;;
Município/Uf:;;Brasília/DF;;;;;;;;;;ID IBAMA:;;;268;
Relação de Espécimes;;;;;;;;;;;;;;;;
Nº;Nome Científico;;Nome Popular;Identificação;Tipo Marcação;;;Sexo;Nascimento;;Idade/Fase;;;Estoque;;Matriz
1;Aburria jacutinga;;;OP 1230 15.0;Anilha Fechada;;;M;17/09/2017;;;;;1;;Não
2;Aburria jacutinga;;;OP 1238;Anilha Fechada;;;I;08/11/2017;;;;;1;;Não
3;Aburria jacutinga;;;OP 1243 15.0;Anilha Fechada;;;F;07/12/2017;;;;;1;;Não
4;Aburria jacutinga;;;"97720000492
6738 Anilha
ZOO DF V 683";Chip;;;M;;;;;;1;;Não
5;"Addax
nasomaculatus";;Addax;"97720000138
9351";Chip;;;M;08/07/2014;;;;;1;;Não
6;"Addax
nasomaculatus";;Addax;"97720000493
2021";Chip;;;M;14/07/2007;;;;;1;;Não
7;"Addax
nasomaculatus";;Addax;"97720000502
4010";Chip;;;F;28/05/2003;;;;;1;;Não
8;Agelaioides badius;;;"ZOO DF J
228";Anilha Aberta;;;I;;;;;;1;;Não
9;Alouatta belzebul;;"Barbado, Bugio, Bugio-preto-vermelho,
Guariba";"97720000492
0417";Chip;;;M;;;;;;1;;Não
10;Alouatta belzebul;;"Barbado, Bugio, Bugio-preto-vermelho,
Guariba";"97720000493
6205";Chip;;;F;;;;;;1;;Não
11;Alouatta belzebul;;"Barbado, Bugio, Bugio-preto-vermelho,
Guariba";"97720000493
6616";Chip;;;M;;;;;;1;;Não
12;Alouatta caraya;;"Barbado, Bugio,
Bugio-preto, Guariba";"97720000488
7384";Chip;;;M;07/10/2004;;;;;1;;Não
13;Alouatta caraya;;"Barbado, Bugio,
Bugio-preto, Guariba";"97720000489
9176";Chip;;;M;23/04/2008;;;;;1;;Não
14;Alouatta caraya;;"Barbado, Bugio,
Bugio-preto, Guariba";"97720000490
5002";Chip;;;M;14/12/2005;;;;;1;;Não
15;Alouatta caraya;;"Barbado, Bugio,
Bugio-preto, Guariba";"97720000492
5714";Chip;;;F;;;;;;1;;Não
16;Alouatta caraya;;"Barbado, Bugio,
Bugio-preto, Guariba";"97720000494
0671";Chip;;;M;;;;;;1;;Não
17;Alouatta caraya;;"Barbado, Bugio,
Bugio-preto, Guariba";"97720000504
0692";Chip;;;F;15/01/2007;;;;;1;;Não
18;Alouatta seniculus;;"Barbado, Bugio, Bugio-uivador-vermel
ho, Guariba";"97720000490
3559";Chip;;;F;;;;;;1;;Não
19;Alouatta seniculus;;"Barbado, Bugio,
Bugio-uivador-vermel ho, Guariba";"97720000490
4243";Chip;;;F;;;;;;1;;Não
20;Alouatta seniculus;;"Barbado, Bugio, Bugio-uivador-vermel
ho, Guariba";"97720000493
1622";Chip;;;F;;;;;;1;;Não
21;Alouatta seniculus;;"Barbado, Bugio, Bugio-uivador-vermel
ho, Guariba";"97720000493
5021";Chip;;;M;;;;;;1;;Não
22;Amazona aestiva;;Papagaio-verdadeiro;ZAL V 006;Anilha Aberta;;;I;;;;;;1;;Não
23;Amazona aestiva;;Papagaio-verdadeiro;4054;Anilha Aberta;;;I;;;;;;1;;Não
24;Amazona aestiva;;Papagaio-verdadeiro;4055;Anilha Aberta;;;I;;;;;;1;;Não
25;Amazona aestiva;;Papagaio-verdadeiro;"97720000129
5122 anilha
4025";Chip;;;F;;;;;;1;;Não
26;Amazona aestiva;;Papagaio-verdadeiro;"97720000129
5926 anilha ZOOBRAS
047";Chip;;;F;;;;;;1;;Não
27;Amazona aestiva;;Papagaio-verdadeiro;"97720000129
6393 anilha
4047";Chip;;;M;;;;;;1;;Não
28;Amazona aestiva;;Papagaio-verdadeiro;"97720000137
6137 anilha ZOOBRAS 061";Chip;;;M;;;;;;1;;Não
29;Amazona amazonica;;Curica, Papagaio-do-mangue;"97720000131
0322 Aniha
ZOO DF 195";Chip;;;F;;;;;;1;;Não
30;Amazona amazonica;;Curica, Papagaio-do-mangue;"97720000131
3391 Anilha 4
008";Chip;;;M;;;;;;1;;Não
31;Amazona amazonica;;Curica, Papagaio-do-mangue;"97720000134
1361 Anilha
ZOO DF 103";Chip;;;F;;;;;;1;;Não
32;Amazona amazonica;;Curica, Papagaio-do-mangue;"97720000489
2887 Anilha
ZOO DF 167";Chip;;;I;;;;;;1;;Não
33;Amazona brasiliensis;;Papagaio-de-cara-rox a;"09630000000
65673 anilha
ZOO DF 141";Chip;;;F;;;;;;1;;Não
34;Amazona brasiliensis;;Papagaio-de-cara-rox a;"97720000490
1724 anilha
FPZSP 153";Chip;;;M;;;;;;1;;Não
35;Amazona brasiliensis;;Papagaio-de-cara-rox a;"97720000495
3942 anilha
FPZSP 361";Chip;;;F;;;;;;1;;Não
36;Amazona farinosa;;Papagaio-moleiro;OP 1152;Anilha Fechada;;;M;21/04/2017;;;;;1;;Não
37;Amazona farinosa;;Papagaio-moleiro;"97720000502
8961 anilha
ZOO DF 163";Chip;;;F;;;;;;1;;Não
38;Amazona festiva;;Papa-cacau, Papagaio-papa-cacau;"97720000131
2099 aniha
GIL B 047";Chip;;;F;;;;;;1;;Não
39;Amazona festiva;;Papa-cacau, Papagaio-papa-cacau;"97720000139
930 anilha
GIL B 048";Chip;;;F;;;;;;1;;Não
40;Amazona festiva;;Papa-cacau, Papagaio-papa-cacau;"97720000509
1423 anilha
GIL B 043";Chip;;;M;;;;;;1;;Não
41;Amazona ochrocephala;;Papagaio-campeiro;"97720000130
5824 anilha
FPZSP 233";Chip;;;F;;;;;;1;;Não
42;Amazona ochrocephala;;Papagaio-campeiro;"97720000138
0888 anilha
ZOO DF 109";Chip;;;M;;;;;;1;;Não
43;Amazona ochrocephala;;Papagaio-campeiro;"97720000490
0748 anilha
FPZSP 235";Chip;;;I;;;;;;1;;Não
44;Amazona ochrocephala;;Papagaio-campeiro;"97720000490
7457 anilha
ZOO DF 136";Chip;;;I;;;;;;1;;Não
45;Amazona ochrocephala;;Papagaio-campeiro;"97720000493
4802 sem anilha";Chip;;;M;;;;;;1;;Não
46;Amazona ochrocephala;;Papagaio-campeiro;"97720000498
5743 anilha
ZOO DF 143";Chip;;;M;;;;;;1;;Não
47;"Amazona
rhodocorytha";;"Chauá,
Papagaio--chauá";"90025000064
0369";Chip;;;I;01/07/2018;;;;;1;;Não
48;Amazona rhodocorytha;;Chauá, Papagaio--chauá;"97720000492
2213 anilha
7APNSG 022";Chip;;;F;;;;;;1;;Não
49;Amazona rhodocorytha;;Chauá, Papagaio--chauá;"97720000493
5498 anilha ileg 4066/099/69";Chip;;;F;;;;;;1;;Não
50;Amazona rhodocorytha;;Chauá, Papagaio--chauá;"97720000493
5755 anilha
FJZB T 025";Chip;;;I;;;;;;1;;Não
51;"Amazona
rhodocorytha";;"Chauá,
Papagaio--chauá";"98200036440
5180";Chip;;;M;30/10/2017;;;;;1;;Não
52;Amazona vinacea;;Papagaio-de-peito-rox o;"97720000492
6148 anilha
FPZSP 679";Chip;;;F;;;;;;1;;Não
53;Amazona vinacea;;Papagaio-de-peito-rox o;"97720000492
8427 anilha
FPZSP 133";Chip;;;M;;;;;;1;;Não
54;Anodorhynchus hyacinthinus;;Arara-azul-grande;"97720000489
0756 sem anilha";Chip;;;F;;;;;;1;;Não
55;Anodorhynchus hyacinthinus;;Arara-azul-grande;"97720000492
1241 anilha
ZOO DF 029";Chip;;;M;;;;;;1;;Não
56;"Anodorhynchus
hyacinthinus";;Arara-azul-grande;"97720000493
5709";Chip;;;F;;;;;;1;;Não
57;Anodorhynchus hyacinthinus;;Arara-azul-grande;"97720000503
6534 anilha
5009";Chip;;;M;;;;;;1;;Não
58;Aotus nigriceps;;"Macaco-da-noite, Macaco-da-noite-de-c
abeça-preta";"97720000490
1686";Chip;;;F;05/07/2009;;;;;1;;Não
59;Aotus nigriceps;;"Macaco-da-noite, Macaco-da-noite-de-c
abeça-preta";"97720000493
3307";Chip;;;F;21/08/2010;;;;;1;;Não
60;Aotus nigriceps;;"Macaco-da-noite,
Macaco-da-noite-de-c abeça-preta";"97720000493
6824";Chip;;;M;;;;;;1;;Não
61;Aotus nigriceps;;"Macaco-da-noite, Macaco-da-noite-de-c
abeça-preta";"97720000493
7808";Chip;;;F;;;;;;1;;Não
62;Ara ararauna;;"Arara-canindé,
Arara-de-barriga-ama rela, Canindé";"97720000131
3759 anilha
ZOO DF 093";Chip;;;F;;;;;;1;;Não
63;Ara ararauna;;"Arara-canindé,
Arara-de-barriga-ama rela, Canindé";"97720000140
0287 anilha
ZOO DF 095";Chip;;;I;;;;;;1;;Não
64;Ara ararauna;;"Arara-canindé,
Arara-de-barriga-ama rela, Canindé";"97720000140
8506 anilha
5070";Chip;;;M;;;;;;1;;Não
65;Ara ararauna;;"Arara-canindé,
Arara-de-barriga-ama rela, Canindé";"97720000489
1621 anilha 5027/ZOO DF
051";Chip;;;M;;;;;;1;;Não
66;Ara ararauna;;"Arara-canindé,
Arara-de-barriga-ama rela, Canindé";"97720000489
2244 Anilha
ZOO DF 010";Chip;;;M;;;;;;1;;Não
67;Ara ararauna;;"Arara-canindé,
Arara-de-barriga-ama rela, Canindé";"97720000489
8335 anilha
5026";Chip;;;M;;;;;;1;;Não
68;Ara ararauna;;"Arara-canindé,
Arara-de-barriga-ama rela, Canindé";"97720000489
9023 anilha
ZOO DF 080";Chip;;;I;;;;;;1;;Não
69;Ara ararauna;;"Arara-canindé,
Arara-de-barriga-ama rela, Canindé";"97720000490
4792 Anilha
ZOO DF 067";Chip;;;I;;;;;;1;;Não
70;Ara ararauna;;"Arara-canindé,
Arara-de-barriga-ama rela, Canindé";"97720000490
5013 anilha
ZOO DF 066";Chip;;;I;;;;;;1;;Não
71;Ara ararauna;;"Arara-canindé,
Arara-de-barriga-ama rela, Canindé";"97720000492
2150 anilha
ZOO DF 075";Chip;;;M;;;;;;1;;Não
72;Ara ararauna;;"Arara-canindé,
Arara-de-barriga-ama rela, Canindé";"97720000492
2832 anilha
ZOO DF 094";Chip;;;I;;;;;;1;;Não
73;Ara ararauna;;"Arara-canindé,
Arara-de-barriga-ama rela, Canindé";"97720000492
7117 anilha
ZOO DF 090";Chip;;;M;;;;;;1;;Não
74;Ara ararauna;;"Arara-canindé,
Arara-de-barriga-ama rela, Canindé";"97720000498
2192 anilha
ZOO DF 068";Chip;;;M;;;;;;1;;Não
75;Ara ararauna;;"Arara-canindé,
Arara-de-barriga-ama rela, Canindé";"97720000508
5983 anilha
ZOO DF 087";Chip;;;I;;;;;;1;;Não
76;Ara chloroptera;;"Arara-vermelha, Arara-vermelha-grand
e";"97720000131
8905 anilha
5004";Chip;;;M;;;;;;1;;Não
77;Ara chloroptera;;"Arara-vermelha,
Arara-vermelha-grand e";"97720000137
7135 anilha
5003";Chip;;;M;;;;;;1;;Não
78;Ara chloroptera;;"Arara-vermelha, Arara-vermelha-grand
e";"97720000489
1195 anilha
GIL A 081";Chip;;;M;;;;;;1;;Não
79;Ara chloroptera;;"Arara-vermelha, Arara-vermelha-grand
e";"97720000492
7398 anilha
ZOO DF 022";Chip;;;F;;;;;;1;;Não
80;Ara chloroptera;;"Arara-vermelha,
Arara-vermelha-grand e";"97720000509
4824 anilha
ZOO DF 016";Chip;;;F;;;;;;1;;Não
81;Ara glaucogularis;;Arara-canindé-verdad eira;"09630000000
61893 Anilha
FL LC 9398";Chip;;;M;;;;;;1;;Não
82;Ara macao;;Arara-canga, Arara-piranga;"97720000131
7112 anilha
5063";Chip;;;F;;;;;;1;;Não
83;Ara macao;;Arara-canga, Arara-piranga;"97720000139
4214 anilha
5069";Chip;;;M;;;;;;1;;Não
84;Ara macao;;Arara-canga, Arara-piranga;"97720000492
6469 anilha
GIL A 023";Chip;;;M;;;;;;1;;Não
85;Ara rubrogenys;;Arara-de-fronte-verme lha;"97720000134
7789 anilha
ZOO GO 062";Chip;;;F;;;;;;1;;Não
86;Ara rubrogenys;;Arara-de-fronte-verme lha;"97750011612
49 anilha
3024";Chip;;;M;;;;;;1;;Não
87;Ara severa;;Maracanã-guaçu;"97720000489
8794 Anilha
ZOO DF 166";Chip;;;I;;;;;;1;;Não
88;Aratinga aurea;;"Aratinga-estrela, Periquito-estrela,
Periquito-rei";ZO DF 312;Anilha Aberta;;;I;;;;;;1;;Não
89;Aratinga aurea;;"Aratinga-estrela,
Periquito-estrela, Periquito-rei";ZO DF 341;Anilha Aberta;;;I;;;;;;1;;Não
90;Aratinga jandaya;;Periquito-jandaia;"MAS 06/07
211";Anilha Fechada;;;I;;;;;;1;;Não
91;Aratinga jandaya;;Periquito-jandaia;ZAL V 018;Anilha Aberta;;;M;;;;;;1;;Não
92;Aratinga leucophthalmus;;"Periquito-do-olho-bra nco,
Periquitão-maracanã";ZOO DF P 331;Anilha Aberta;;;I;;;;;;1;;Não
93;Aratinga leucophthalmus;;"Periquito-do-olho-bra nco,
Periquitão-maracanã";ZOO DF P 332;Anilha Aberta;;;I;;;;;;1;;Não
94;Aratinga leucophthalmus;;"Periquito-do-olho-bra nco,
Periquitão-maracanã";ZOO DF 201;Anilha Aberta;;;I;;;;;;1;;Não
95;Aratinga leucophthalmus;;"Periquito-do-olho-bra nco,
Periquitão-maracanã";ZOO DF 208;Anilha Aberta;;;M;;;;;;1;;Não
96;Aratinga leucophthalmus;;"Periquito-do-olho-bra nco,
Periquitão-maracanã";ZOO DF 210;Anilha Aberta;;;I;;;;;;1;;Não
97;Aratinga leucophthalmus;;"Periquito-do-olho-bra nco,
Periquitão-maracanã";ZOO DF 212;Anilha Aberta;;;I;;;;;;1;;Não
98;Aratinga leucophthalmus;;"Periquito-do-olho-bra nco,
Periquitão-maracanã";ZOO DF 213;Anilha Aberta;;;I;;;;;;1;;Não
99;Aratinga leucophthalmus;;"Periquito-do-olho-bra nco,
Periquitão-maracanã";ZOO DF 222;Anilha Aberta;;;M;;;;;;1;;Não
100;Aratinga leucophthalmus;;"Periquito-do-olho-bra nco,
Periquitão-maracanã";ZOO DF 225;Anilha Aberta;;;I;;;;;;1;;Não
101;Aratinga leucophthalmus;;"Periquito-do-olho-bra nco,
Periquitão-maracanã";ZOO DF 229;Anilha Aberta;;;I;;;;;;1;;Não
102;Aratinga leucophthalmus;;"Periquito-do-olho-bra nco,
Periquitão-maracanã";ZOO DF 232;Anilha Aberta;;;I;;;;;;1;;Não
103;Aratinga leucophthalmus;;"Periquito-do-olho-bra nco,
Periquitão-maracanã";ZOO DF 235;Anilha Aberta;;;I;;;;;;1;;Não
104;Aratinga leucophthalmus;;"Periquito-do-olho-bra nco,
Periquitão-maracanã";ZOO DF 236;Anilha Aberta;;;I;;;;;;1;;Não
105;Aratinga leucophthalmus;;"Periquito-do-olho-bra nco,
Periquitão-maracanã";ZOO DF 244;Anilha Aberta;;;I;;;;;;1;;Não
106;Aratinga leucophthalmus;;"Periquito-do-olho-bra nco,
Periquitão-maracanã";ZOO DF 246;Anilha Aberta;;;I;;;;;;1;;Não
107;Aratinga leucophthalmus;;"Periquito-do-olho-bra nco,
Periquitão-maracanã";"97720000489
9292 anilha
GIL 2007 004";Chip;;;M;;;;;;1;;Não
108;Aratinga leucophthalmus;;"Periquito-do-olho-bra nco,
Periquitão-maracanã";"97720000490
5291 anilha
ZOO DF 218";Chip;;;M;;;;;;1;;Não
109;Aratinga leucophthalmus;;"Periquito-do-olho-bra nco,
Periquitão-maracanã";"97720000499
1722 anilha
3029";Chip;;;F;;;;;;1;;Não
110;Aratinga nenday;;;ZAL I 006;Anilha Fechada;;;I;;;;;;1;;Não
111;Aratinga weddellii;;"Periquito-de-cabeça-e scura,
Periquito-de-cabeça-s
uja";ZOO DF 267;Anilha Aberta;;;M;;;;;;1;;Não
112;Ateles chamek;;"Coatá,
Macaco-aranha-da-ca ra-preta";"97720000131
9102";Chip;;;M;29/08/2013;;;;;1;;Não
113;Ateles chamek;;"Coatá,
Macaco-aranha-da-ca ra-preta";"97720000137
9409";Chip;;;M;25/06/2003;;;;;1;;Não
114;Ateles chamek;;"Coatá,
Macaco-aranha-da-ca ra-preta";"97720000494
8306";Chip;;;I;18/03/2016;;;;;1;;Não
115;Ateles marginatus;;"Coatá,
Macaco-aranha-almis carado";"97720000140
3231";Chip;;;F;;;;;;1;;Não
116;Ateles paniscus;;"Coatá,
Macaco-aranha-de-ca ra-vermelha";"97720000489
9157";Chip;;;M;;;;;;1;;Não
117;Ateles paniscus;;"Coatá,
Macaco-aranha-de-ca ra-vermelha";"97720000490
0527";Chip;;;F;;;;;;1;;Não
118;Boa constrictor;;Jiboia;"96300000039
9417";Chip;;;F;;;;;;1;;Não
119;Boa constrictor;;Jiboia;"96300800076
1653";Chip;;;F;;;;;;1;;Não
120;Boa constrictor;;Jiboia;"97720000489
5055";Chip;;;F;;;;;;1;;Não
121;Boa constrictor;;Jiboia;"97720000493
7719";Chip;;;M;;;;;;1;;Não
122;"Bothrops
itapetiningae";;;"97720000489
3366";Chip;;;F;;;;;;1;;Não
123;"Bothrops
itapetiningae";;;"97720000492
6721";Chip;;;M;;;;;;1;;Não
124;"Bothrops
itapetiningae";;;"97720000494
4423";Chip;;;M;;;;;;1;;Não
125;"Bothrops
itapetiningae";;;"97720000494
9602";Chip;;;M;;;;;;1;;Não
126;Bothrops moojeni;;Jararaca do Cerrado;"97720000490
1372";Chip;;;F;10/11/2014;;;;;1;;Não
127;Bothrops moojeni;;Jararaca do Cerrado;"97720000490
3184";Chip;;;M;10/11/2014;;;;;1;;Não
128;Bothrops moojeni;;Jararaca do Cerrado;"97720000490
3737";Chip;;;M;10/11/2014;;;;;1;;Não
129;Bothrops moojeni;;Jararaca do Cerrado;"97720000490
4753";Chip;;;F;10/11/2014;;;;;1;;Não
130;Bothrops moojeni;;Jararaca do Cerrado;"97720000493
3285";Chip;;;M;10/11/2014;;;;;1;;Não
131;Bothrops moojeni;;Jararaca do Cerrado;"97720000493
3457";Chip;;;M;10/11/2014;;;;;1;;Não
132;Bothrops moojeni;;Jararaca do Cerrado;"97720000493
8806";Chip;;;M;10/11/2014;;;;;1;;Não
133;Bothrops moojeni;;Jararaca do Cerrado;"97720000494
0450";Chip;;;M;10/11/2014;;;;;1;;Não
134;Bothrops moojeni;;Jararaca do Cerrado;"97720000494
2562";Chip;;;F;10/11/2014;;;;;1;;Não
135;Bothrops moojeni;;Jararaca do Cerrado;"97720000499
7630";Chip;;;F;;;;;;1;;Não
136;Bothrops moojeni;;Jararaca do Cerrado;"97720000508
5422";Marcação Natural;;;F;10/11/2014;;;;;1;;Não
137;Bothrops neuwiedi;;Jararaca-pintada;"97720000489
3763";Chip;;;F;14/12/2015;;;;;1;;Não
138;Bothrops neuwiedi;;Jararaca-pintada;"97720000490
5473";Chip;;;F;14/12/2015;;;;;1;;Não
139;Bothrops neuwiedi;;Jararaca-pintada;"97720000493
1787";Chip;;;F;14/12/2015;;;;;1;;Não
140;Bothrops neuwiedi;;Jararaca-pintada;"97720000493
5345";Chip;;;M;;;;;;1;;Não
141;Branta sandvicensis;;Ganso-havaiano;"96300600012
9857";Chip;;;F;;;;;;1;;Não
142;Branta sandvicensis;;Ganso-havaiano;"96300600857
8253";Chip;;;M;;;;;;1;;Não
143;Branta sandvicensis;;Ganso-havaiano;"97720000489
2318";Chip;;;M;01/08/2017;;;;;1;;Não
144;Branta sandvicensis;;Ganso-havaiano;"97720000490
2314";Chip;;;F;01/08/2017;;;;;1;;Não
145;Branta sandvicensis;;Ganso-havaiano;"97720000494
3766";Chip;;;M;01/08/2017;;;;;1;;Não
146;Branta sandvicensis;;Ganso-havaiano;"97720000504
0423";Chip;;;F;10/07/2018;;;;;1;;Não
147;Brotogeris chiriri;;"Periquito-de-asa-ama rela,
Periquito-de-encontro
-amarelo";"S ANILHA
/SEM PE E";Anilha Aberta;;;I;;;;;;1;;Não
148;Brotogeris chiriri;;"Periquito-de-asa-ama rela,
Periquito-de-encontro
-amarelo";ZO DF 305;Anilha Aberta;;;I;;;;;;1;;Não
149;Brotogeris chiriri;;"Periquito-de-asa-ama rela,
Periquito-de-encontro
-amarelo";ZO DF 322;Anilha Aberta;;;I;;;;;;1;;Não
150;Brotogeris chiriri;;"Periquito-de-asa-ama rela,
Periquito-de-encontro
-amarelo";ZO DF 339;Anilha Aberta;;;I;;;;;;1;;Não
151;Buteo albicaudatus;;"Gavião-de-cauda-bra nca,
Gavião-de-rabo-branc
o";"97720000489
0999 ZOO DF
U 562";Chip;;;F;;;;;;1;;Não
152;Buteo albicaudatus;;"Gavião-de-cauda-bra nca,
Gavião-de-rabo-branc
o";"97720000492
5173 ZOO DF
U 601";Chip;;;F;;;;;;1;;Não
153;Buteo albicaudatus;;"Gavião-de-cauda-bra nca,
Gavião-de-rabo-branc
o";"97720000492
6716 OTO
2409";Chip;;;M;;;;;;1;;Não
154;Buteo albicaudatus;;"Gavião-de-cauda-bra nca,
Gavião-de-rabo-branc
o";"97720000503
7201 ZPP DF
U 576";Chip;;;F;;;;;;1;;Não
155;Buteo melanoleucus;;;"97720000493
115";Chip;;;F;;;;;;1;;Não
156;Caiman crocodilus;;Jacaré-tinga;"97720000133
7037";Chip;;;F;;;;;;1;;Não
157;Caiman crocodilus;;Jacaré-tinga;"97720000492
1612";Chip;;;M;;;;;;1;;Não
158;Caiman crocodilus;;Jacaré-tinga;"97720000493
1409";Chip;;;F;;;;;;1;;Não
159;Caiman latirostris;;;"97720000139
2764";Chip;;;F;;;;;;1;;Não
160;Caiman yacare;;Jacaré-do-pantanal;"87720000136
0811";Chip;;;M;;;;;;1;;Não
161;Caiman yacare;;Jacaré-do-pantanal;"97720000489
3739";Chip;;;F;;;;;;1;;Não
162;Caiman yacare;;Jacaré-do-pantanal;"97720000499
0097";Chip;;;F;;;;;;1;;Não
163;Caiman yacare;;Jacaré-do-pantanal;"97720000509
3872";Chip;;;M;;;;;;1;;Não
164;Callicebus cupreus;;Zogue-zogue;"97720000127
0335";Chip;;;F;;;;;;1;;Não
165;Callithrix geoffroyi;;Sagüi-da-cara-branca;"97720000489
0981";Chip;;;F;;;;;;1;;Não
166;Callithrix penicillata;;Sagüi-de-tufo-preto;"97720000140
7520";Chip;;;F;;;;;;1;;Não
167;Callithrix penicillata;;Sagüi-de-tufo-preto;"97720000509
4813";Chip;;;F;;;;;;1;;Não
168;Cariama cristata;;Seriema;"97720000490
5975 OVO
0023";Chip;;;F;;;;;;1;;Não
169;Cariama cristata;;Seriema;"97720000492
7636 OVO
0061";Chip;;;F;;;;;;1;;Não
170;Casuarius casuarius;;;"crista ossea
com cicatriz";Marcação Natural;;;M;;;;;;1;;Não
171;Cebus albifrons;;"Capuchinho-de-cara- branca,
Macaco-prego";"97720000140
0503";Chip;;;M;;;;;;1;;Não
172;Ceratotherium simum;;Rinoceronte-branco;"problema crÃƒÂ´nico em ambos os
olhos";Marcação Natural;;;M;;;;;;1;;Não
173;Cerdocyon thous;;Cachorro-do-mato;"97720000129
8145";Chip;;;M;;;;;;1;;Não
174;Cerdocyon thous;;Cachorro-do-mato;"97720000133
7805";Chip;;;F;;;;;;1;;Não
175;Cerdocyon thous;;Cachorro-do-mato;"97720000488
7867";Chip;;;F;;;;;;1;;Não
176;Cerdocyon thous;;Cachorro-do-mato;"97720000490
5333";Chip;;;M;;;;;;1;;Não
177;"Cereopsis
novaehollandiae";;;"96300800052
1177";Chip;;;M;;;;;;1;;Não
178;"Cereopsis
novaehollandiae";;;"97720000490
0436";Chip;;;M;;;;;;1;;Não
179;Cervus elaphus;;;"96300000023
2579";Chip;;;F;;;;;;1;;Não
180;Cervus elaphus;;;"97720000139
7820";Chip;;;F;02/12/2013;;;;;1;;Não
181;Cervus elaphus;;;"97720000492
7465";Chip;;;F;16/11/1998;;;;;1;;Não
182;"Chelonoidis
carbonaria";;Jabuti-piranga;"97720000132
3929";Chip;;;F;;;;;;1;;Não
183;"Chelonoidis
carbonaria";;Jabuti-piranga;"97720000134
1115";Chip;;;M;;;;;;1;;Não
184;"Chelonoidis
carbonaria";;Jabuti-piranga;"97720000135
6736";Chip;;;M;;;;;;1;;Não
185;"Chelonoidis
carbonaria";;Jabuti-piranga;"97720000136
7873";Chip;;;F;;;;;;1;;Não
186;"Chelonoidis
carbonaria";;Jabuti-piranga;"97720000138
4784";Chip;;;F;;;;;;1;;Não
187;"Chelonoidis
carbonaria";;Jabuti-piranga;"97720000138
4784";Chip;;;F;;;;;;1;;Não
188;"Chelonoidis
carbonaria";;Jabuti-piranga;"97720000138
5455";Chip;;;M;;;;;;1;;Não
189;"Chelonoidis
carbonaria";;Jabuti-piranga;"97720000138
9102";Chip;;;F;;;;;;1;;Não
190;"Chelonoidis
carbonaria";;Jabuti-piranga;"97720000141
1375";Chip;;;M;;;;;;1;;Não
191;"Chelonoidis
carbonaria";;Jabuti-piranga;"97720000488
9391";Chip;;;M;;;;;;1;;Não
192;"Chelonoidis
carbonaria";;Jabuti-piranga;"97720000489
0422";Chip;;;M;;;;;;1;;Não
193;"Chelonoidis
carbonaria";;Jabuti-piranga;"97720000489
6789";Chip;;;F;;;;;;1;;Não
194;"Chelonoidis
carbonaria";;Jabuti-piranga;"97720000489
8155";Chip;;;M;;;;;;1;;Não
195;"Chelonoidis
carbonaria";;Jabuti-piranga;"97720000489
8401";Chip;;;F;;;;;;1;;Não
196;"Chelonoidis
carbonaria";;Jabuti-piranga;"97720000489
9900";Chip;;;F;;;;;;1;;Não
197;"Chelonoidis
carbonaria";;Jabuti-piranga;"97720000490
5113";Chip;;;M;;;;;;1;;Não
198;"Chelonoidis
carbonaria";;Jabuti-piranga;"97720000492
0057";Chip;;;M;;;;;;1;;Não
199;"Chelonoidis
carbonaria";;Jabuti-piranga;"97720000492
2357";Chip;;;M;;;;;;1;;Não
200;"Chelonoidis
carbonaria";;Jabuti-piranga;"97720000492
5268";Chip;;;M;;;;;;1;;Não
201;"Chelonoidis
carbonaria";;Jabuti-piranga;"97720000492
8110";Chip;;;F;;;;;;1;;Não
202;"Chelonoidis
carbonaria";;Jabuti-piranga;"97720000492
8264";Chip;;;F;;;;;;1;;Não
203;"Chelonoidis
carbonaria";;Jabuti-piranga;"97720000492
8865";Chip;;;F;;;;;;1;;Não
204;"Chelonoidis
carbonaria";;Jabuti-piranga;"97720000493
5614";Chip;;;M;;;;;;1;;Não
205;"Chelonoidis
carbonaria";;Jabuti-piranga;"97720000493
7184";Chip;;;M;;;;;;1;;Não
206;"Chelonoidis
carbonaria";;Jabuti-piranga;"97720000493
7348";Chip;;;M;;;;;;1;;Não
207;"Chelonoidis
carbonaria";;Jabuti-piranga;"97720000494
5538";Chip;;;F;;;;;;1;;Não
208;"Chelonoidis
carbonaria";;Jabuti-piranga;"97720000494
8830";Chip;;;F;;;;;;1;;Não
209;"Chelonoidis
carbonaria";;Jabuti-piranga;"97720000496
6770";Chip;;;F;;;;;;1;;Não
210;"Chelonoidis
carbonaria";;Jabuti-piranga;"97720000499
0680";Chip;;;M;;;;;;1;;Não
211;"Chelonoidis
carbonaria";;Jabuti-piranga;"97720000500
2160";Chip;;;M;;;;;;1;;Não
212;"Chelonoidis
carbonaria";;Jabuti-piranga;"97720000502
9565";Chip;;;F;;;;;;1;;Não
213;"Chelonoidis
carbonaria";;Jabuti-piranga;"97720000504
3833";Chip;;;F;;;;;;1;;Não
214;"Chelonoidis
denticulata";;Jabuti-tinga;"97720000129
5723";Chip;;;M;;;;;;1;;Não
215;"Chelonoidis
denticulata";;Jabuti-tinga;"97720000130
2195";Chip;;;M;;;;;;1;;Não
216;"Chelonoidis
denticulata";;Jabuti-tinga;"97720000130
3871";Chip;;;M;;;;;;1;;Não
217;"Chelonoidis
denticulata";;Jabuti-tinga;"97720000132
0206";Chip;;;M;;;;;;1;;Não
218;"Chelonoidis
denticulata";;Jabuti-tinga;"97720000132
8768";Chip;;;M;;;;;;1;;Não
219;"Chelonoidis
denticulata";;Jabuti-tinga;"97720000133
0047";Chip;;;F;;;;;;1;;Não
220;"Chelonoidis
denticulata";;Jabuti-tinga;"97720000133
6323";Chip;;;M;;;;;;1;;Não
221;"Chelonoidis
denticulata";;Jabuti-tinga;"97720000134
2353";Chip;;;F;;;;;;1;;Não
222;"Chelonoidis
denticulata";;Jabuti-tinga;"97720000135
4576";Chip;;;M;;;;;;1;;Não
223;"Chelonoidis
denticulata";;Jabuti-tinga;"97720000136
0835";Chip;;;F;;;;;;1;;Não
224;"Chelonoidis
denticulata";;Jabuti-tinga;"97720000139
1891";Chip;;;F;;;;;;1;;Não
225;"Chelonoidis
denticulata";;Jabuti-tinga;"97720000141
3307";Chip;;;F;;;;;;1;;Não
226;"Chelonoidis
denticulata";;Jabuti-tinga;"97720000490
6905";Chip;;;M;;;;;;1;;Não
227;"Chelonoidis
denticulata";;Jabuti-tinga;"97720000491
9847";Chip;;;F;;;;;;1;;Não
228;"Chelonoidis
denticulata";;Jabuti-tinga;"97720000492
1572";Chip;;;M;;;;;;1;;Não
229;"Chelonoidis
denticulata";;Jabuti-tinga;"97720000492
6282";Chip;;;M;;;;;;1;;Não
230;"Chelonoidis
denticulata";;Jabuti-tinga;"97720000492
8103";Chip;;;M;;;;;;1;;Não
231;"Chelonoidis
denticulata";;Jabuti-tinga;"97720000503
8888";Chip;;;M;;;;;;1;;Não
232;Chelydra serpentina;;;"97720000499
0230";Chip;;;M;;;;;;1;;Não
233;Chiropotes sagulatus;;Cuxiú;"97720000135
9297";Chip;;;M;;;;;;1;;Não
234;Chiropotes satanas;;"Cuxiú-,
Sagüi-barbudo";"AVID*039*54
6*324";Chip;;;F;;;;;;1;;Não
235;Chroicocephalus cirrocephalus;;;"97720000493
3115 SO
3962";Chip;;;M;;;;;;1;;Não
236;"Chrysocyon
brachyurus";;Lobo-guará;"97720000140
1668";Chip;;;M;;;;;;1;;Não
237;"Chrysocyon
brachyurus";;Lobo-guará;"97720000489
4305";Chip;;;F;;;;;;1;;Não
238;"Chrysocyon
brachyurus";;Lobo-guará;"97720000492
4044";Chip;;;F;;;;;;1;;Não
239;"Chrysocyon
brachyurus";;Lobo-guará;"97720000493
1503";Chip;;;M;;;;;;1;;Não
240;"Chrysocyon
brachyurus";;Lobo-guará;"97720000493
1840";Chip;;;F;01/07/2015;;;;;1;;Não
241;"Chrysocyon
brachyurus";;Lobo-guará;"97720000499
4891";Chip;;;F;;;;;;1;;Não
242;Ciconia maguari;;João-grande, Maguari;"97720000491
9473";Chip;;;I;;;;;;1;;Não
243;"Cochlearius
cochlearius";;Ararapá;"97720000133
2314";Chip;;;I;10/02/2017;;;;;1;;Não
244;Cochlearius cochlearius;;Ararapá;"97720000137
5342 anilha ZOO DF T
478";Chip;;;F;;;;;;1;;Não
245;Cochlearius cochlearius;;Ararapá;"97720000138
1939 anilha ZOO DF T
475";Chip;;;F;;;;;;1;;Não
246;"Cochlearius
cochlearius";;Ararapá;"97720000139
3036";Chip;;;I;10/02/2017;;;;;1;;Não
247;Cochlearius cochlearius;;Ararapá;"97720000142
0444 FJZB T
072";Chip;;;I;02/05/2016;;;;;1;;Não
248;Cochlearius cochlearius;;Ararapá;"97720000488
7084 anilha
OTO 0092";Chip;;;F;;;;;;1;;Não
249;"Cochlearius
cochlearius";;Ararapá;"97720000488
7587";Chip;;;I;;;;;;1;;Não
250;Cochlearius cochlearius;;Ararapá;"97720000488
9515 anilha ZOO DF T 501";Chip;;;M;;;;;;1;;Não
251;Cochlearius cochlearius;;Ararapá;"97720000488
9859 anilha ZOO DF T 496";Chip;;;I;;;;;;1;;Não
252;Cochlearius cochlearius;;Ararapá;"97720000489
2445 anilha
OTO 1404";Chip;;;M;;;;;;1;;Não
253;"Cochlearius
cochlearius";;Ararapá;"97720000489
3151";Chip;;;I;10/01/2017;;;;;1;;Não
254;Cochlearius cochlearius;;Ararapá;"97720000489
3378 anilha
OTO 1423";Chip;;;M;;;;;;1;;Não
255;Cochlearius cochlearius;;Ararapá;"97720000489
6740 anilha ZOO DF T 549";Chip;;;I;;;;;;1;;Não
256;Cochlearius cochlearius;;Ararapá;"97720000489
8805 anilha ZOO DF T 550";Chip;;;F;;;;;;1;;Não
257;Cochlearius cochlearius;;Ararapá;"97720000490
0383 anilha ZOO DF T 543";Chip;;;I;;;;;;1;;Não
258;Cochlearius cochlearius;;Ararapá;"97720000490
1927 anilha
OTO 1019";Chip;;;M;;;;;;1;;Não
259;Cochlearius cochlearius;;Ararapá;"97720000490
2084 anilha
OTO 0978";Chip;;;F;;;;;;1;;Não
260;Cochlearius cochlearius;;Ararapá;"97720000490
4183 sem anilha";Chip;;;I;;;;;;1;;Não
261;Cochlearius cochlearius;;Ararapá;"97720000490
6909 anilha ZOO DF T 488";Chip;;;M;;;;;;1;;Não
262;"Cochlearius
cochlearius";;Ararapá;"97720000491
8752";Chip;;;I;;;;;;1;;Não
263;Cochlearius cochlearius;;Ararapá;"97720000491
9934 anilha
ZOO DF T 498";Chip;;;I;;;;;;1;;Não
264;"Cochlearius
cochlearius";;Ararapá;"97720000492
3990";Chip;;;I;10/02/2017;;;;;1;;Não
265;Cochlearius cochlearius;;Ararapá;"97720000492
8714 anilha ZOO DF T 544";Chip;;;I;;;;;;1;;Não
266;Cochlearius cochlearius;;Ararapá;"97720000492
9860 anilha ZOO DF T 502";Chip;;;M;;;;;;1;;Não
267;Cochlearius cochlearius;;Ararapá;"97720000493
2861 anilha ZOO DF T 491";Chip;;;F;;;;;;1;;Não
268;Cochlearius cochlearius;;Ararapá;"97720000493
3658 anilha ZOO DF T 465";Chip;;;F;;;;;;1;;Não
269;Cochlearius cochlearius;;Ararapá;"97720000493
6550 Anilha ZOO DF T 494";Chip;;;I;;;;;;1;;Não
270;"Cochlearius
cochlearius";;Ararapá;"97720000494
5134";Chip;;;I;;;;;;1;;Não
271;"Cochlearius
cochlearius";;Ararapá;"97720000496
2348";Chip;;;I;;;;;;1;;Não
272;Cochlearius cochlearius;;Ararapá;"97720000496
2381 FJZB T052";Chip;;;I;;;;;;1;;Não
273;Cochlearius cochlearius;;Ararapá;"97720000502
3455 anilha
OTO 2439";Chip;;;F;;;;;;1;;Não
274;"Cochlearius
cochlearius";;Ararapá;"97720000502
4402";Chip;;;I;;;;;;1;;Não
275;Cochlearius cochlearius;;Ararapá;"97720000502
4711 anilha ZOO DF T 517";Chip;;;I;;;;;;1;;Não
276;Cochlearius cochlearius;;Ararapá;"97720000502
9447 anilha ZOO DF T 533";Chip;;;I;;;;;;1;;Não
277;Cochlearius cochlearius;;Ararapá;"97720000503
0012 anilha
OTO 1429";Chip;;;M;;;;;;1;;Não
278;"Cochlearius
cochlearius";;Ararapá;"97720000503
3193";Chip;;;I;;;;;;1;;Não
279;Cochlearius cochlearius;;Ararapá;"97720000504
2147 anilha
OTO 1417";Chip;;;F;;;;;;1;;Não
280;"Cochlearius
cochlearius";;Ararapá;"97720000507
6938";Chip;;;I;;;;;;1;;Não
281;Coendou prehensilis;;Porco-espinho;"97720000492
8573";Chip;;;F;;;;;;1;;Não
282;Corallus caninus;;;"97720000490
4873";Chip;;;F;;;;;;1;;Não
283;Corallus hortulanus;;;"97720000495
9729";Chip;;;F;;;;;;1;;Não
284;Corallus hortulanus;;;"97720000499
0411";Chip;;;M;;;;;;1;;Não
285;Corallus hortulanus;;;"97720000504
3704";Chip;;;F;;;;;;1;;Não
286;Crax fasciolata;;Mutum-de-penacho;"97720000489
7002 OVO
0014";Chip;;;M;;;;;;1;;Não
287;Crax fasciolata;;Mutum-de-penacho;"97720000492
4529 ZOO DF
X 791";Chip;;;F;;;;;;1;;Não
288;Crax fasciolata;;Mutum-de-penacho;"97720000506
5481 ZOO DF
X 783";Chip;;;M;;;;;;1;;Não
289;Crotalus durissus;;Cascavel;filhote;Marcação Natural;;;I;;;;;;1;;Não
290;Crotalus durissus;;Cascavel;filhote;Marcação Natural;;;I;;;;;;1;;Não
291;Crotalus durissus;;Cascavel;filhote;Marcação Natural;;;I;;;;;;1;;Não
292;Crotalus durissus;;Cascavel;filhote;Marcação Natural;;;I;;;;;;1;;Não
293;Crotalus durissus;;Cascavel;"97720000133
8010";Chip;;;M;;;;;;1;;Não
294;Crotalus durissus;;Cascavel;"97720000488
8228";Chip;;;M;;;;;;1;;Não
295;Crotalus durissus;;Cascavel;"97720000489
3288";Chip;;;F;;;;;;1;;Não
296;Crotalus durissus;;Cascavel;"97720000489
4550";Chip;;;M;;;;;;1;;Não
297;Crotalus durissus;;Cascavel;"97720000489
5868";Chip;;;F;;;;;;1;;Não
298;Crotalus durissus;;Cascavel;"97720000489
7912";Chip;;;F;;;;;;1;;Não
299;Crotalus durissus;;Cascavel;"97720000490
4354";Chip;;;M;;;;;;1;;Não
300;Crotalus durissus;;Cascavel;"97720000492
1508";Chip;;;F;;;;;;1;;Não
301;Crotalus durissus;;Cascavel;"97720000492
2223";Chip;;;F;;;;;;1;;Não
302;Crotalus durissus;;Cascavel;"97720000492
2694";Chip;;;M;;;;;;1;;Não
303;Crotalus durissus;;Cascavel;"97720000493
7551";Chip;;;F;;;;;;1;;Não
304;Crotalus durissus;;Cascavel;"97720000493
8787";Chip;;;M;;;;;;1;;Não
305;Crotalus durissus;;Cascavel;"97720000502
5352";Chip;;;I;;;;;;1;;Não
306;Crotalus durissus;;Cascavel;"97720000538
4493";Chip;;;F;;;;;;1;;Não
307;Cyanoloxia brissonii;;;"FCN 2,8
400207";Anilha Fechada;;;M;;;;;;1;;Não
308;Cygnus atratus;;;"97720000489
9663";Chip;;;F;;;;;;1;;Não
309;Dama dama;;Gamo;"97720000137
4440";Chip;;;M;03/12/2013;;;;;1;;Não
310;Dama dama;;Gamo;"97720000137
9004";Chip;;;F;05/12/2012;;;;;1;;Não
311;Dama dama;;Gamo;"97720000489
0344";Chip;;;M;15/01/2012;;;;;1;;Não
312;Dama dama;;Gamo;"97720000489
0568";Chip;;;M;07/12/2008;;;;;1;;Não
313;Dama dama;;Gamo;"97720000489
2205";Chip;;;F;22/12/2007;;;;;1;;Não
314;Dama dama;;Gamo;"97720000490
4352";Chip;;;F;24/12/2013;;;;;1;;Não
315;Dama dama;;Gamo;"97720000490
5890";Chip;;;M;05/02/2011;;;;;1;;Não
316;Dama dama;;Gamo;"97720000491
9932";Chip;;;M;09/12/2013;;;;;1;;Não
317;Dama dama;;Gamo;"97720000492
1483";Chip;;;F;01/12/2004;;;;;1;;Não
318;Dama dama;;Gamo;"97720000492
4532";Chip;;;F;01/01/2010;;;;;1;;Não
319;Dama dama;;Gamo;"97720000493
5575";Chip;;;F;02/01/2013;;;;;1;;Não
320;Dama dama;;Gamo;"97720000495
7335";Chip;;;M;03/01/2008;;;;;1;;Não
321;Dama dama;;Gamo;"97720000502
8398";Chip;;;M;20/12/2011;;;;;1;;Não
322;Diopsittaca nobilis;;"Maracanã-nobre,
Papagaio";ZOO DF 234;Anilha Aberta;;;I;;;;;;1;;Não
323;Diopsittaca nobilis;;"Maracanã-nobre,
Papagaio";ZOO DF 238;Anilha Aberta;;;I;;;;;;1;;Não
324;"Dromaius
novaehollandiae";;;"97720000489
1969";Chip;;;F;07/10/2005;;;;;1;;Não
325;"Dromaius
novaehollandiae";;;"97720000489
8917";Chip;;;I;;;;;;1;;Não
326;"Dromaius
novaehollandiae";;;"97720000490
4364";Chip;;;M;;;;;;1;;Não
327;"Dromaius
novaehollandiae";;;"97720000490
6219";Chip;;;M;;;;;;1;;Não
328;"Dromaius
novaehollandiae";;;"97720000490
7904";Chip;;;M;;;;;;1;;Não
329;Dromaius novaehollandiae;;;"97720000492
4560 brinco
58";Chip;;;M;;;;;;1;;Não
330;"Dromaius
novaehollandiae";;;"97720000496
6382";Chip;;;F;;;;;;1;;Não
331;"Dromaius
novaehollandiae";;;"97720000496
7924";Chip;;;F;;;;;;1;;Não
332;"Dromaius
novaehollandiae";;;"97720000496
9658";Chip;;;F;;;;;;1;;Não
333;"Dromaius
novaehollandiae";;;"97720000498
6662";Chip;;;M;;;;;;1;;Não
334;Epicrates cenchria;;;"97710000538
3058";Chip;;;F;;;;;;1;;Não
335;Epicrates cenchria;;;"97720000474
6355";Chip;;;F;;;;;;1;;Não
336;Epicrates cenchria;;;"97720000493
1427";Chip;;;M;;;;;;1;;Não
337;Equus burchellii;;;"97720000503
9532";Marcação Natural;;;F;;;;;;1;;Não
338;Eudocimus ruber;;Guará;"97720000488
7303
JPZO2002JV L022";Chip;;;I;;;;;;1;;Não
339;Eudocimus ruber;;Guará;"97720000490
1416
BAPZOO200 2JVL044";Chip;;;I;;;;;;1;;Não
340;Eudocimus ruber;;Guará;"97720000492
0261 ZOO DF
S 432";Chip;;;I;;;;;;1;;Não
341;Eudocimus ruber;;Guará;"97720000492
1439 SO
3972";Chip;;;M;;;;;;1;;Não
342;Eudocimus ruber;;Guará;"97720000492
5582 ANILHA
ZOO DF 450";Chip;;;I;;;;;;1;;Não
343;Eudocimus ruber;;Guará;"97720000496
7095 FJZB S
002";Chip;;;I;;;;;;1;;Não
344;Eudocimus ruber;;Guará;"97720000507
4773 FJZB S
001";Chip;;;F;;;;;;1;;Não
345;Falco femoralis;;"Falcão-de-coleira,
Falcão-perdigueiro";"ZOO DF P
328";Anilha Aberta;;;I;;;;;;1;;Não
346;Galictis vittata;;Furão;"97720000494
6186";Chip;;;F;;;;;;1;;Não
347;Galictis vittata;;Furão;"97720000496
9859";Chip;;;M;;;;;;1;;Não
348;"Giraffa
camelopardalis";;Girafa;000600F6F2;Chip;;;F;16/07/2003;;;;;1;;Não
349;"Glaucidium
brasilianum";;Caburé;"ZOO DF P
335";Anilha Aberta;;;I;;;;;;1;;Não
350;"Glaucidium
brasilianum";;Caburé;"ZOO DF P
336";Anilha Aberta;;;I;;;;;;1;;Não
351;Gnorimopsar chopi;;Graúna, Melro;"FCN 4,5
100382";Anilha Fechada;;;I;;;;;;1;;Não
352;Gnorimopsar chopi;;Graúna, Melro;"ZOO DF L
231";Anilha Aberta;;;I;;;;;;1;;Não
353;Guarouba guarouba;;Ararajuba;"97720000493
0319 ANILHA
ZOO DF 179";Chip;;;I;;;;;;1;;Não
354;Guarouba guarouba;;Ararajuba;"97720000496
1264 ANILHA
4068 (9)";Chip;;;M;;;;;;1;;Não
355;Harpia harpyja;;"Gavião-real, Harpia,
Uiraçu-verdadeiro";"97720000489
2688";Chip;;;M;;;;;;1;;Não
356;Harpia harpyja;;"Gavião-real, Harpia,
Uiraçu-verdadeiro";"97720000492
8177";Chip;;;F;;;;;;1;;Não
357;"Hippopotamus
amphibius";;"Hipopotamo,
Hipopótamo";"padrÃƒÂ£o
de cicatrizes";Marcação Natural;;;F;;;;;;1;;Não
358;"Hippopotamus
amphibius";;"Hipopotamo,
Hipopótamo";"registro geral:
1151";Marcação Natural;;;F;01/02/1983;;;;;1;;Não
359;"Hippopotamus
amphibius";;"Hipopotamo,
Hipopótamo";"registro geral:
1703";Marcação Natural;;;F;30/09/1997;;;;;1;;Não
360;"Hippopotamus
amphibius";;"Hipopotamo,
Hipopótamo";"registro geral:
1756";Marcação Natural;;;F;;;;;;1;;Não
361;Icterus jamacaii;;Corrupião, Sofrê;"IBAMA AO
4,0 081846";Anilha Fechada;;;F;;;;;;1;;Não
362;Iguana iguana;;Iguana;"97720000490
2193";Chip;;;M;;;;;;1;;Não
363;Iguana iguana;;Iguana;"97720000493
6049";Chip;;;M;;;;;;1;;Não
364;"Kinosternon
scorpioides";;Muçuã;jovem;Marcação Natural;;;I;;;;;;1;;Não
365;"Kinosternon
scorpioides";;Muçuã;"97720000489
2067";Chip;;;M;;;;;;1;;Não
366;Kobus ellipsiprymnus;;;"97720000492
8211";Chip;;;F;26/01/2005;;;;;1;;Não
367;Kobus ellipsiprymnus;;;"97720000493
4144";Chip;;;M;11/07/2008;;;;;1;;Não
368;Kobus ellipsiprymnus;;;"97720000498
4876";Chip;;;F;23/01/2012;;;;;1;;Não
369;Kobus ellipsiprymnus;;;"97720000502
9034";Chip;;;F;07/01/2014;;;;;1;;Não
370;Lagothrix cana;;Macaco-barrigudo;"97720000140
3596";Chip;;;M;;;;;;1;;Não
371;Lagothrix cana;;Macaco-barrigudo;"97720000140
6677";Chip;;;M;;;;;;1;;Não
372;Lama glama;;Lhama;"97720000132
5320";Chip;;;F;03/03/2007;;;;;1;;Não
373;Lama glama;;Lhama;"97720000140
1452";Chip;;;F;01/06/2011;;;;;1;;Não
374;Lama glama;;Lhama;"97720000493
0634";Chip;;;M;01/04/2010;;;;;1;;Não
375;"Leontopithecus
chrysomelas";;"Mico-leão-da-cara-do
urada";15894055;Chip;;;F;16/12/2010;;;;;1;;Não
376;"Leontopithecus
chrysomelas";;"Mico-leão-da-cara-do
urada";16555631;Chip;;;F;31/12/2009;;;;;1;;Não
377;"Leontopithecus
chrysomelas";;"Mico-leão-da-cara-do
urada";16563373;Chip;;;F;21/12/2009;;;;;1;;Não
378;"Leontopithecus
chrysomelas";;"Mico-leão-da-cara-do
urada";69630273;Chip;;;M;20/08/2006;;;;;1;;Não
379;"Leontopithecus
chrysomelas";;"Mico-leão-da-cara-do
urada";"97720000127
3346";Chip;;;M;;;;;;1;;Não
380;"Leontopithecus
chrysomelas";;"Mico-leão-da-cara-do
urada";"97720000503
4303";Chip;;;F;09/01/2008;;;;;1;;Não
381;Leopardus colocolo;;Gato-palheiro;"97720000488
9223";Chip;;;F;;;;;;1;;Não
382;Leopardus colocolo;;Gato-palheiro;"97720000496
0646";Chip;;;M;;;;;;1;;Não
383;Leopardus pardalis;;Jaguatirica;"98200910669
9857";Chip;;;F;;;;;;1;;Não
384;Leopardus tigrinus;;"Gato-do-mato-pequen
o";"97720000132
3705";Chip;;;M;14/05/2014;;;;;1;;Não
385;Leopardus tigrinus;;"Gato-do-mato-pequen
o";"97720000488
7454";Chip;;;F;;;;;;1;;Não
386;Lontra longicaudis;;"Cachorro-d'água,
Lontra";"97720000489
1990";Chip;;;M;;;;;;1;;Não
387;Lophura nycthemera;;;"97720000141
5022 OVO
1937";Chip;;;M;;;;;;1;;Não
388;Lophura nycthemera;;;"97720000490
7679 OVO
1934";Chip;;;F;;;;;;1;;Não
389;Loxodonta africana;;Elefante-africano;"ausencia de
marfim";Marcação Natural;;;M;;;;;;1;;Não
390;Loxodonta africana;;Elefante-africano;"registro geral:
1454";Marcação Natural;;;F;;;;;;1;;Não
391;Lycalopex vetulus;;;"97720000492
0087";Chip;;;F;27/08/2009;;;;;1;;Não
392;Lycalopex vetulus;;;"97720000490
4535";Chip;;;M;27/08/2009;;;;;1;;Não
393;Lycalopex vetulus;;;"97720000493
4016";Chip;;;M;;;;;;1;;Não
394;Lycalopex vetulus;;;"97720000493
6512";Chip;;;F;;;;;;1;;Não
395;Macaca fuscata;;Macaco-japonês;"97720000127
3779";Chip;;;F;07/11/2009;;;;;1;;Não
396;Macaca fuscata;;Macaco-japonês;"97720000140
7545";Chip;;;F;09/02/2012;;;;;1;;Não
397;Macaca fuscata;;Macaco-japonês;"97720000488
7245";Chip;;;M;01/12/2000;;;;;1;;Não
398;Macaca fuscata;;Macaco-japonês;"97720000490
4930";Chip;;;F;;;;;;1;;Não
399;"Mazama
gouazoubira";;Veado-catigueiro;"97720000489
0466";Chip;;;F;10/04/2013;;;;;1;;Não
400;"Mazama
gouazoubira";;Veado-catigueiro;"97720000490
2631";Chip;;;F;11/09/2017;;;;;1;;Não
401;"Mazama
gouazoubira";;Veado-catigueiro;"97720000490
4513";Chip;;;F;;;;;;1;;Não
402;"Mazama
gouazoubira";;Veado-catigueiro;"97720000492
5646";Chip;;;F;20/06/2014;;;;;1;;Não
403;"Mazama
gouazoubira";;Veado-catigueiro;"97720000493
7803";Chip;;;I;;;;;;1;;Não
404;"Mazama
gouazoubira";;Veado-catigueiro;"97720000493
8584";Chip;;;F;09/10/2011;;;;;1;;Não
405;"Mazama
gouazoubira";;Veado-catigueiro;"97720000496
9593";Chip;;;M;25/11/2007;;;;;1;;Não
406;"Mazama
gouazoubira";;Veado-catigueiro;"97720000503
7254";Chip;;;I;02/12/2018;;;;;1;;Não
407;Megascops choliba;;;"ZOO DF R
372";Anilha Aberta;;;I;;;;;;1;;Não
408;Mico chrysoleucus;;;"97720000493
0058";Chip;;;M;;;;;;1;;Não
409;Milvago chimachima;;Carrapateiro, Gavião-carrapateiro;"97720000489
5043 ZOO DF
P 321";Chip;;;M;;;;;;1;;Não
410;Milvago chimachima;;Carrapateiro, Gavião-carrapateiro;"97720000490
5178 NO
0811";Chip;;;M;;;;;;1;;Não
411;Milvago chimachima;;Carrapateiro, Gavião-carrapateiro;"97720000493
1859 ZOO DF
P 348";Chip;;;F;;;;;;1;;Não
412;Mitu tuberosa;;Mutum-cavalo;"97720000490
4940 OXO
1311";Chip;;;M;;;;;;1;;Não
413;Mitu tuberosa;;Mutum-cavalo;"97720000492
0798
OXO1293";Chip;;;F;;;;;;1;;Não
414;Mitu tuberosa;;Mutum-cavalo;"97720000493
3641";Chip;;;I;;;;;;1;;Não
415;Mitu tuberosa;;Mutum-cavalo;"97720000493
7233 OXO
0852";Chip;;;I;;;;;;1;;Não
416;Mungos mungo;;;"97720000133
5980";Chip;;;F;14/01/2010;;;;;1;;Não
417;Mungos mungo;;;"97720000491
9910";Chip;;;F;;;;;;1;;Não
418;"Myrmecophaga
tridactyla";;Tamanduá-bandeira;"97720000136
8171";Chip;;;F;;;;;;1;;Não
419;"Myrmecophaga
tridactyla";;Tamanduá-bandeira;"97720000489
5657";Chip;;;M;;;;;;1;;Não
420;"Myrmecophaga
tridactyla";;Tamanduá-bandeira;"97720000492
5056";Chip;;;M;02/09/2010;;;;;1;;Não
421;"Myrmecophaga
tridactyla";;Tamanduá-bandeira;"97720000493
5306";Chip;;;F;20/09/2011;;;;;1;;Não
422;"Myrmecophaga
tridactyla";;Tamanduá-bandeira;"97720000496
7913";Chip;;;M;;;;;;1;;Não
423;"Myrmecophaga
tridactyla";;Tamanduá-bandeira;"97720000502
5766";Chip;;;F;;;;;;1;;Não
424;Nandayus nenday;;"Periquito-de-cabeça-p
reta, Príncipe-negro";zal i 007;Anilha Fechada;;;I;;;;;;1;;Não
425;Nandayus nenday;;"Periquito-de-cabeça-p
reta, Príncipe-negro";ZOO DF 252;Anilha Aberta;;;I;;;;;;1;;Não
426;Nandayus nenday;;"Periquito-de-cabeça-p
reta, Príncipe-negro";"ZOO DF 279
E DOURADA";Anilha Fechada;;;I;;;;;;1;;Não
427;Nasua nasua;;Quati;"97720000130
3741";Chip;;;F;05/09/2009;;;;;1;;Não
428;Nasua nasua;;Quati;"97720000130
9224";Chip;;;M;;;;;;1;;Não
429;Nasua nasua;;Quati;"97720000490
5268";Chip;;;M;;;;;;1;;Não
430;Nasua nasua;;Quati;"97720000493
5017";Chip;;;F;;;;;;1;;Não
431;Nasua nasua;;Quati;"97720000493
5102";Chip;;;M;02/09/2009;;;;;1;;Não
432;Nasua nasua;;Quati;"97720000496
5230";Chip;;;F;02/09/2009;;;;;1;;Não
433;Nothocrax urumutum;;Urumutum;"97720000488
8314 ZOO DF
U 603";Chip;;;M;;;;;;1;;Não
434;Orthopsittaca manilata;;"Maracanã-de-cara-am arela,
Maracanã-do-buriti";"97720000489
3175 Anilha
ZOO DF 118";Chip;;;F;;;;;;1;;Não
435;Orthopsittaca manilata;;"Maracanã-de-cara-am arela,
Maracanã-do-buriti";"97720000492
0918";Chip;;;I;;;;;;1;;Não
436;Orthopsittaca manilata;;"Maracanã-de-cara-am arela,
Maracanã-do-buriti";"97720000492
9208";Chip;;;I;;;;;;1;;Não
437;Oryx gazella;;Oryx;"97720000499
1237";Chip;;;M;;;;;;1;;Não
438;"Oryzoborus
angolensis";;Avinhado, Curió;"IBAMA OA
2,6 428500";Anilha Fechada;;;M;;;;;;1;;Não
439;Oryzoborus angolensis;;Avinhado, Curió;"SISPASS DF/A 2,6
008338";Anilha Fechada;;;M;;;;;;1;;Não
440;"Oryzoborus
angolensis";;Avinhado, Curió;TRL 2,6 066;Anilha Fechada;;;F;;;;;;1;;Não
441;"Paleosuchus
palpebrosus";;"Jacaré-anão,
Jacaré-paguá";"Filhote nÃ£o
microchipado";Marcação Natural;;;I;;;;;;1;;Não
442;Panthera onca;;Onça-pintada;"07060000000
11151";Chip;;;F;;;;;;1;;Não
443;Panthera onca;;Onça-pintada;"97720000133
7696";Chip;;;F;29/09/2008;;;;;1;;Não
444;Panthera onca;;Onça-pintada;"97720000504
2424";Chip;;;F;;;;;;1;;Não
445;Panthera tigris tigris;;Tigre;"25022850000
6513";Chip;;;M;03/06/2009;;;;;1;;Não
446;Panthera tigris tigris;;Tigre;"25022850000
6763";Chip;;;F;03/06/2009;;;;;1;;Não
447;"Pantherophis
guttatus";;;"97720000474
2426";Chip;;;M;04/02/2014;;;;;1;;Não
448;"Pantherophis
guttatus";;;"97720000488
8713";Chip;;;F;;;;;;1;;Não
449;"Pantherophis
guttatus";;;"97720000489
9885";Chip;;;F;;;;;;1;;Não
450;"Pantherophis
guttatus";;;"97720000490
6404";Chip;;;M;15/01/2015;;;;;1;;Não
451;"Pantherophis
guttatus";;;"97720000492
2615";Chip;;;M;15/01/2015;;;;;1;;Não
452;"Pantherophis
guttatus";;;"97720000492
8406";Chip;;;F;;;;;;1;;Não
453;"Pantherophis
guttatus";;;"97720000493
0948";Chip;;;F;15/01/2015;;;;;1;;Não
454;"Pantherophis
guttatus";;;"97720000493
2082";Chip;;;F;11/05/2013;;;;;1;;Não
455;"Pantherophis
guttatus";;;"97720000494
6385";Chip;;;F;15/01/2015;;;;;1;;Não
456;"Pantherophis
guttatus";;;"97720000538
3242";Chip;;;M;;;;;;1;;Não
457;Papio hamadryas;;"Babuino-sagrado,
Babuíno-sagrado";"97720000490
7590";Chip;;;F;07/03/2010;;;;;1;;Não
458;Papio hamadryas;;"Babuino-sagrado,
Babuíno-sagrado";"97720000492
3947";Chip;;;M;20/09/2005;;;;;1;;Não
459;Papio hamadryas;;"Babuino-sagrado,
Babuíno-sagrado";"97720000492
7815";Chip;;;F;01/10/2001;;;;;1;;Não
460;Papio hamadryas;;"Babuino-sagrado,
Babuíno-sagrado";"97720000492
8081";Chip;;;M;16/05/2011;;;;;1;;Não
461;Papio hamadryas;;"Babuino-sagrado,
Babuíno-sagrado";"97720000502
4549";Chip;;;M;25/12/2012;;;;;1;;Não
462;Papio hamadryas;;"Babuino-sagrado,
Babuíno-sagrado";"97720000507
3438";Chip;;;M;15/04/2010;;;;;1;;Não
463;Pavo cristatus;;;"97720000489
6015 ZOO DF
X 800";Chip;;;M;;;;;;1;;Não
464;Pavo cristatus;;;"97720000490
1503 ZPP DF
X 793";Chip;;;F;;;;;;1;;Não
465;Pavo cristatus;;;"97720000492
0448 OXO
1328";Chip;;;M;;;;;;1;;Não
466;Pavo cristatus;;;"97720000492
8339 ZOO DF X794";Chip;;;M;;;;;;1;;Não
467;Pavo cristatus;;;"97720000494
0168 ZOO DF
X 795";Chip;;;M;;;;;;1;;Não
468;Pavo cristatus;;;"97720000494
6212 ZOO DF
C 792";Chip;;;F;;;;;;1;;Não
469;Pecari tajacu;;Caititu, Cateto;"97720000490
7867";Chip;;;M;;;;;;1;;Não
470;Penelope ochrogaster;;Jacu-de-barriga-casta nha;"97720000490
2103 Anilha ZOO DF V
682";Chip;;;M;;;;;;1;;Não
471;Penelope ochrogaster;;Jacu-de-barriga-casta nha;"97720000493
4671 Anilha ZOO DF V
707";Chip;;;I;;;;;;1;;Não
472;"Penelope
superciliaris";;Jacupemba;"97720000132
8832";Chip;;;I;;;;;;1;;Não
473;"Penelope
superciliaris";;Jacupemba;"97720000492
2552";Chip;;;I;;;;;;1;;Não
474;Penelope superciliaris;;Jacupemba;"97720000494
9824 Anilha
FJZB T 003";Chip;;;M;;;;;;1;;Não
475;Philodryas olfersii;;;"97720000503
9204";Chip;;;F;;;;;;1;;Não
476;Phoenicopterus chilensis;;Flamingo-chileno;"97720000494
8929 Anilha
ZOO DF V 651";Chip;;;M;;;;;;1;;Não
477;Phoenicopterus ruber;;Flamingo, Flamingo-vermelho;"97720000504
3523 Anilha
OVO 0042";Chip;;;F;;;;;;1;;Não
478;Pionopsitta pileata;;Cuiú-cuiú;Anilha Q 92;Anilha Fechada;;;M;;;;;;1;;Não
479;Pionus maximiliani;;"Curica-bronze, Maitaca-de-maximilia
no";"97720000126
9767";Chip;;;I;;;;;;1;;Não
480;Pionus maximiliani;;"Curica-bronze, Maitaca-de-maximilia
no";"97720000139
7971";Chip;;;I;;;;;;1;;Não
481;Pionus maximiliani;;"Curica-bronze, Maitaca-de-maximilia
no";"97720000489
4191";Chip;;;I;;;;;;1;;Não
482;Pionus menstruus;;"Curica-da-cabeça-azu l,
Maitaca-de-cabeça-az
ul, Suia";"97720000492
2444";Chip;;;I;;;;;;1;;Não
483;Podocnemis expansa;;"Tartaruga-da-amazôni
a";"97720000488
7277";Chip;;;M;;;;;;1;;Não
484;Podocnemis expansa;;"Tartaruga-da-amazôni
a";"97720000488
9209";Chip;;;F;;;;;;1;;Não
485;Podocnemis expansa;;"Tartaruga-da-amazôni
a";"97720000489
7720";Chip;;;F;;;;;;1;;Não
486;Podocnemis expansa;;"Tartaruga-da-amazôni
a";"97720000492
4636";Chip;;;F;;;;;;1;;Não
487;Podocnemis unifilis;;Tracajá;"97720000490
3050";Chip;;;M;;;;;;1;;Não
488;Primolius auricollis;;;"97720000489
2413 Anilha
ZOO DF 165";Chip;;;M;;;;;;1;;Não
489;Primolius auricollis;;;"97720000494
5154 Anilha
FPZSP 528";Chip;;;F;;;;;;1;;Não
490;Priodontes maximus;;"Tatu-canastra,
Tatu-gigante";"97720000489
5501";Chip;;;F;;;;;;1;;Não
491;Procyon cancrivorus;;Guaxinim;"97720000490
5744";Chip;;;F;;;;;;1;;Não
492;Procyon cancrivorus;;Guaxinim;"97720000492
4214";Chip;;;F;;;;;;1;;Não
493;Procyon cancrivorus;;Guaxinim;"97720000506
6517";Chip;;;M;;;;;;1;;Não
494;"Psarocolius
decumanus";;Japu, Rei-congo;LO 0523;Anilha Aberta;;;F;;;;;;1;;Não
495;"Psarocolius
decumanus";;Japu, Rei-congo;"ZOO DF M
261";Anilha Aberta;;;F;;;;;;1;;Não
496;Pseudemys floridana;;;"97720000489
6932";Chip;;;M;;;;;;1;;Não
497;Pteronura brasiliensis;;"Ariranha,
Lontra-gigante-do-bra sil";"97720000493
0317";Chip;;;F;28/06/2002;;;;;1;;Não
498;Puma concolor;;"Onça-parda, Puma,
Suçuarana";"97720000138
1388";Chip;;;F;;;;;;1;;Não
499;Puma concolor;;"Onça-parda, Puma,
Suçuarana";"97720000138
5574";Chip;;;F;30/07/2013;;;;;1;;Não
500;Puma concolor;;"Onça-parda, Puma,
Suçuarana";"97720000489
0699";Chip;;;M;;;;;;1;;Não
501;Puma yagouaroundi;;"Jaguarundi,-gato-mou
risco,-mourisco";"97720000488
7584";Chip;;;M;04/02/2018;;;;;1;;Não
502;Puma yagouaroundi;;"Jaguarundi,-gato-mou
risco,-mourisco";"97720000488
9337";Chip;;;F;;;;;;1;;Não
503;Puma yagouaroundi;;"Jaguarundi,-gato-mou
risco,-mourisco";"97720000489
7231";Chip;;;F;04/02/2018;;;;;1;;Não
504;Puma yagouaroundi;;"Jaguarundi,-gato-mou
risco,-mourisco";"97720000492
2638";Chip;;;F;04/02/2018;;;;;1;;Não
505;Puma yagouaroundi;;"Jaguarundi,-gato-mou
risco,-mourisco";"97720000493
1115";Chip;;;F;;;;;;1;;Não
506;Puma yagouaroundi;;"Jaguarundi,-gato-mou
risco,-mourisco";"97720000496
8640";Chip;;;M;22/02/2008;;;;;1;;Não
507;Pyrrhura frontalis;;"Tiriba-de-testa-vermel
ha";FPZSP 741;Anilha Aberta;;;F;;;;;;1;;Não
508;Pyrrhura frontalis;;"Tiriba-de-testa-vermel
ha";ZOO DF 261;Anilha Aberta;;;M;;;;;;1;;Não
509;Pyrrhura perlata;;"Tiriba-peróla,
Tiriba-pérola";ZAL I 008 DF;Anilha Fechada;;;I;;;;;;1;;Não
510;Pyrrhura perlata;;"Tiriba-peróla,
Tiriba-pérola";ZAL I 026 DF;Anilha Fechada;;;I;;;;;;1;;Não
511;Pyrrhura perlata;;"Tiriba-peróla,
Tiriba-pérola";ZAL 032;Anilha Fechada;;;I;;;;;;1;;Não
512;Pyrrhura pfrimeri;;;ZAL I 002 DF;Anilha Fechada;;;I;;;;;;1;;Não
513;Pyrrhura pfrimeri;;;ZAL I 022 DF;Anilha Fechada;;;I;;;;;;1;;Não
514;Pyrrhura pfrimeri;;;ZAL I 024;Anilha Fechada;;;I;;;;;;1;;Não
515;Pyrrhura pfrimeri;;;ZAL V 009;Anilha Fechada;;;I;;;;;;1;;Não
516;Python molurus;;;"97720000488
7117";Chip;;;F;;;;;;1;;Não
517;Python molurus;;;"97720000488
9374";Chip;;;F;;;;;;1;;Não
518;Python molurus;;;"97720000492
6470";Chip;;;M;;;;;;1;;Não
519;Python molurus;;;"97720000492
6719";Chip;;;M;;;;;;1;;Não
520;Ramphastos toco;;Tucano-toco, Tucanuçu;"97720000502
4747
PROTESE BICO";Chip;;;I;;;;;;1;;Não
521;Rhea americana;;Ema;"97720000488
7036";Chip;;;F;30/07/2016;;;;;1;;Não
522;Rhea americana;;Ema;"97720000488
7634";Chip;;;M;;;;;;1;;Não
523;Rhea americana;;Ema;"97720000488
8594";Chip;;;F;;;;;;1;;Não
524;Rhea americana;;Ema;"97720000488
9661";Chip;;;F;30/07/2016;;;;;1;;Não
525;Rhea americana;;Ema;"97720000489
0709";Chip;;;F;30/07/2016;;;;;1;;Não
526;Rhea americana;;Ema;"97720000489
0809";Chip;;;F;30/07/2016;;;;;1;;Não
527;Rhea americana;;Ema;"97720000490
0317";Chip;;;M;;;;;;1;;Não
528;Rhea americana;;Ema;"97720000490
5419";Chip;;;F;;;;;;1;;Não
529;Rhea americana;;Ema;"97720000491
9342";Chip;;;M;30/07/2016;;;;;1;;Não
530;Rhea americana;;Ema;"97720000492
0405";Chip;;;F;10/09/2017;;;;;1;;Não
531;Rhea americana;;Ema;"97720000492
0590";Chip;;;F;;;;;;1;;Não
532;Rhea americana;;Ema;"97720000492
2369";Chip;;;F;30/07/2016;;;;;1;;Não
533;Rhea americana;;Ema;"97720000492
3203";Chip;;;M;;;;;;1;;Não
534;Rhea americana;;Ema;"97720000492
3919";Chip;;;F;10/09/2017;;;;;1;;Não
535;Rhea americana;;Ema;"97720000492
6764";Chip;;;M;30/07/2016;;;;;1;;Não
536;Rhea americana;;Ema;"97720000492
8443";Chip;;;F;30/07/2016;;;;;1;;Não
537;Rhea americana;;Ema;"97720000492
9831";Chip;;;M;;;;;;1;;Não
538;Rhea americana;;Ema;"97720000493
1054";Chip;;;I;;;;;;1;;Não
539;Rhea americana;;Ema;"97720000493
1607";Chip;;;F;;;;;;1;;Não
540;Rhea americana;;Ema;"97720000493
2189 brinco
032";Chip;;;M;;;;;;1;;Não
541;Rhea americana;;Ema;"97720000493
3367";Chip;;;F;30/07/2016;;;;;1;;Não
542;Rhea americana;;Ema;"97720000493
3872 brinco
026";Chip;;;F;;;;;;1;;Não
543;Rhea americana;;Ema;"97720000493
4408";Chip;;;F;30/07/2016;;;;;1;;Não
544;Rhea americana;;Ema;"97720000493
4956";Chip;;;M;30/07/2016;;;;;1;;Não
545;Rhea americana;;Ema;"97720000493
5849";Chip;;;M;10/09/2017;;;;;1;;Não
546;Rhea americana;;Ema;"97720000494
3853";Chip;;;F;;;;;;1;;Não
547;Rhea americana;;Ema;"97720000494
4888";Chip;;;F;;;;;;1;;Não
548;Rhea americana;;Ema;"97720000496
1486";Chip;;;M;30/07/2016;;;;;1;;Não
549;Rhea americana;;Ema;"97720000496
4244";Chip;;;F;;;;;;1;;Não
550;Rhea americana;;Ema;"97720000496
8698";Chip;;;F;;;;;;1;;Não
551;Rhea americana;;Ema;"97720000498
4673";Chip;;;M;30/07/2016;;;;;1;;Não
552;Rhea americana;;Ema;"97720000499
0713";Chip;;;F;;;;;;1;;Não
553;Rhea americana;;Ema;"97720000502
5705";Chip;;;M;;;;;;1;;Não
554;Rhea americana;;Ema;"97720000502
7676";Chip;;;M;;;;;;1;;Não
555;Rhea americana;;Ema;"97720000503
3538 brinco
011";Chip;;;F;;;;;;1;;Não
556;Rhea americana;;Ema;"97720000503
5375";Chip;;;M;;;;;;1;;Não
557;Rhea americana;;Ema;"97720000506
8057";Chip;;;F;;;;;;1;;Não
558;Rhea americana;;Ema;"97720000509
4057";Chip;;;M;10/09/2017;;;;;1;;Não
559;"Rhinoclemmys
punctularia";;;"97720000492
8058";Chip;;;F;;;;;;1;;Não
560;"Rhinoclemmys
punctularia";;;"97720000493
2438";Chip;;;I;;;;;;1;;Não
561;"Rhinoclemmys
punctularia";;;"97720000504
3902";Chip;;;I;;;;;;1;;Não
562;Rhynchotus rufescens;;Perdigão, Perdiz;"97720000492
3548 Anilha
ZAL 045";Anilha Aberta;;;M;;;;;;1;;Não
563;"Rhynchotus
rufescens";;Perdigão, Perdiz;"97720000493
2159";Chip;;;I;23/11/2016;;;;;1;;Não
564;Saguinus bicolor;;"Saguí-de-duas-cores,
Sauim-de-coleira";"97720000488
7383";Chip;;;M;;;;;;1;;Não
565;Saguinus bicolor;;"Saguí-de-duas-cores,
Sauim-de-coleira";"97720000490
3430";Chip;;;I;;;;;;1;;Não
566;Saguinus bicolor;;"Saguí-de-duas-cores,
Sauim-de-coleira";"97720000492
0150";Chip;;;I;;;;;;1;;Não
567;Saguinus imperator;;"Saguí-bigodeiro,
Sagüi-imperador";"97720000137
7684";Chip;;;F;;;;;;1;;Não
568;Saguinus niger;;Sagui;"97720000134
9499";Chip;;;F;;;;;;1;;Não
569;Saimiri boliviensis;;"Macaco-de-cheiro, Saimiri-/-macaco-de-c
heiro";"97720000503
1473";Chip;;;M;;;;;;1;;Não
570;Saltator similis;;"Trinca-ferro-verdadeir
o";"IBAMA 3,5
566160";Anilha Fechada;;;M;;;;;;1;;Não
571;Sapajus libidinosus;;;"97720000492
3651";Chip;;;M;;;;;;1;;Não
572;Sapajus libidinosus;;;"97720000492
4692";Chip;;;F;;;;;;1;;Não
573;Sapajus libidinosus;;;"97720000493
1290";Chip;;;F;;;;;;1;;Não
574;Sapajus libidinosus;;;"97720000493
4532";Chip;;;F;;;;;;1;;Não
575;Sapajus libidinosus;;;"97720000502
7220";Chip;;;F;;;;;;1;;Não
576;Sapajus libidinosus;;;"97720000503
7297";Chip;;;F;;;;;;1;;Não
577;Sarcoramphus papa;;Urubu-rei;"97720000135
3781
PRINCESA";Chip;;;F;;;;;;1;;Não
578;Sarcoramphus papa;;Urubu-rei;"97720000137
3900 OZO
0477";Chip;;;M;;;;;;1;;Não
579;Sarcoramphus papa;;Urubu-rei;"97720000493
8228 OZO
1137";Chip;;;F;;;;;;1;;Não
580;Sicalis flaveola;;"Canário-da-terra,
Canário-da-terra-verd adeiro";IBAMA 571767;Anilha Fechada;;;M;;;;;;1;;Não
581;Sicalis flaveola;;"Canário-da-terra, Canário-da-terra-verd
adeiro";ZOO DF E 101;Anilha Fechada;;;M;10/08/2015;;;;;1;;Não
582;Sicalis flaveola;;"Canário-da-terra, Canário-da-terra-verd
adeiro";ZOO DF G 153;Anilha Aberta;;;F;;;;;;1;;Não
583;Sicalis flaveola;;"Canário-da-terra,
Canário-da-terra-verd adeiro";ZOO DF G 155;Anilha Fechada;;;I;10/12/2015;;;;;1;;Não
584;Sicalis flaveola;;"Canário-da-terra, Canário-da-terra-verd
adeiro";ZOO DF G 156;Anilha Aberta;;;F;;;;;;1;;Não
585;Sicalis flaveola;;"Canário-da-terra, Canário-da-terra-verd
adeiro";ZOO DF G 159;Anilha Fechada;;;I;10/02/2016;;;;;1;;Não
586;Speothos venaticus;;"Cachorro-do-mato-vin agre,
Cachorro-vinagre";"97720000493
8780";Chip;;;M;;;;;;1;;Não
587;Sporophila caerulescens;;"Coleirinho, Papa-capim, coleiro-de-gola,
coleiro-do-peito-branc
o";ZOO DF D 057;Anilha Aberta;;;M;;;;;;1;;Não
588;"Sporophila
maximiliani";;;"IBAMA 3,0
0049";Anilha Aberta;;;M;;;;;;1;;Não
589;"Sporophila
maximiliani";;;"166- 1415
MLP MG 3,0";Anilha Fechada;;;F;;;;;;1;;Não
590;"Sporophila
maximiliani";;;"265-04/05
MLP MG 3,0";Anilha Fechada;;;M;;;;;;1;;Não
591;Sporophila nigricollis;;"Baiano, coleiro-cabeça-preta-
do-peito-amarelo";ZOO DF C 006;Anilha Aberta;;;M;;;;;;1;;Não
592;Struthio camelus;;Avestruz;BRINCO 772;Brinco;;;F;;;;;;1;;Não
593;"Tamandua
tetradactyla";;;"97720000130
3865";Chip;;;M;;;;;;1;;Não
594;"Tamandua
tetradactyla";;;"97720000489
1984";Chip;;;F;;;;;;1;;Não
595;"Tamandua
tetradactyla";;;"97720000492
9509";Chip;;;F;;;;;;1;;Não
596;"Tamandua
tetradactyla";;;"97720000493
2729";Chip;;;M;;;;;;1;;Não
597;Tapirus terrestris;;Anta, Anta-brasileira;"97720000490
0645";Chip;;;M;;;;;;1;;Não
598;Tapirus terrestris;;Anta, Anta-brasileira;"97720000492
3179";Chip;;;M;;;;;;1;;Não
599;Tapirus terrestris;;Anta, Anta-brasileira;"97720000503
9532";Chip;;;F;;;;;;1;;Não
600;Tapirus terrestris;;Anta, Anta-brasileira;"97720000504
2865";Chip;;;F;;;;;;1;;Não
601;Tauraco leucotis;;Turaco;"97720000492
3061 AZI BR
105";Chip;;;I;;;;;;1;;Não
602;Theristicus caerulescens;;Maçarico-real;"97720000492
4043 OVO
0053";Chip;;;M;;;;;;1;;Não
603;Threskiornis aethiopicus;;Íbis-sagrada;"97720000492
4266 OVO
0887";Chip;;;M;;;;;;1;;Não
604;Threskiornis aethiopicus;;Íbis-sagrada;"97720000496
1548 OVO
0890";Chip;;;M;;;;;;1;;Não
605;Tigrisoma lineatum;;Socó-boi;"97720000492
3515
OVO0020";Chip;;;M;;;;;;1;;Não
606;Tolypeutes tricinctus;;Tatu-bola;"97720000488
9148";Chip;;;M;;;;;;1;;Não
607;Trachemys dorbigni;;;introduzir chip;Marcação Natural;;;I;;;;;;1;;Não
608;Trachemys dorbigni;;;introduzir chip;Marcação Natural;;;I;;;;;;1;;Não
609;Trachemys dorbigni;;;introduzir chip;Marcação Natural;;;I;;;;;;1;;Não
610;Trachemys dorbigni;;;introduzir chip;Marcação Natural;;;I;;;;;;1;;Não
611;Trachemys dorbigni;;;introduzir chip;Chip;;;I;;;;;;1;;Não
612;Trachemys dorbigni;;;introduzir chip;Marcação Natural;;;I;;;;;;1;;Não
613;Trachemys dorbigni;;;introduzir chip;Marcação Natural;;;I;;;;;;1;;Não
614;Trachemys dorbigni;;;"97720000000
4103";Chip;;;I;;;;;;1;;Não
615;Trachemys dorbigni;;;"97720000489
2942";Chip;;;F;;;;;;1;;Não
616;Trachemys dorbigni;;;"97720000489
5060";Chip;;;F;;;;;;1;;Não
617;Trachemys dorbigni;;;"97720000490
6266";Chip;;;F;;;;;;1;;Não
618;Trachemys dorbigni;;;"97720000492
7921";Chip;;;I;;;;;;1;;Não
619;Trachemys dorbigni;;;"97720000493
5334";Chip;;;F;;;;;;1;;Não
620;Trachemys dorbigni;;;"97720000495
2451";Chip;;;F;;;;;;1;;Não
621;Trachemys dorbigni;;;"97720000495
9438";Chip;;;F;;;;;;1;;Não
622;Trachemys scripta;;;"97720000488
7972";Chip;;;I;;;;;;1;;Não
623;Trachemys scripta;;;"97720000489
3022";Chip;;;I;;;;;;1;;Não
624;Trachemys scripta;;;"97720000489
4835";Chip;;;I;;;;;;1;;Não
625;Trachemys scripta;;;"97720000489
6173";Chip;;;F;;;;;;1;;Não
626;Trachemys scripta;;;"97720000489
7455";Chip;;;F;;;;;;1;;Não
627;Trachemys scripta;;;"97720000489
7634";Chip;;;I;;;;;;1;;Não
628;Trachemys scripta;;;"97720000490
0504";Chip;;;F;;;;;;1;;Não
629;Trachemys scripta;;;"97720000490
1455";Chip;;;F;;;;;;1;;Não
630;Trachemys scripta;;;"97720000490
2382";Chip;;;F;;;;;;1;;Não
631;Trachemys scripta;;;"97720000490
3093";Chip;;;F;;;;;;1;;Não
632;Trachemys scripta;;;"97720000490
5191";Chip;;;I;;;;;;1;;Não
633;Trachemys scripta;;;"97720000490
5277";Chip;;;I;;;;;;1;;Não
634;Trachemys scripta;;;"97720000490
5352";Chip;;;M;;;;;;1;;Não
635;Trachemys scripta;;;"97720000490
6007";Chip;;;I;;;;;;1;;Não
636;Trachemys scripta;;;"97720000492
0894";Chip;;;I;;;;;;1;;Não
637;Trachemys scripta;;;"97720000492
1820";Chip;;;F;;;;;;1;;Não
638;Trachemys scripta;;;"97720000492
2750";Chip;;;M;;;;;;1;;Não
639;Trachemys scripta;;;"97720000492
4229";Chip;;;I;;;;;;1;;Não
640;Trachemys scripta;;;"97720000492
5835";Chip;;;M;;;;;;1;;Não
641;Trachemys scripta;;;"97720000492
7976";Chip;;;F;;;;;;1;;Não
642;Trachemys scripta;;;"97720000493
4790";Chip;;;F;;;;;;1;;Não
643;Trachemys scripta;;;"97720000493
5244";Chip;;;F;;;;;;1;;Não
644;Trachemys scripta;;;"97720000493
8491";Chip;;;F;;;;;;1;;Não
645;Trachemys scripta;;;"97720000493
8711";Chip;;;F;;;;;;1;;Não
646;Trachemys scripta;;;"97720000494
0215";Chip;;;I;;;;;;1;;Não
647;Trachemys scripta;;;"97720000494
1044";Chip;;;F;;;;;;1;;Não
648;Trachemys scripta;;;"97720000498
4279";Chip;;;I;;;;;;1;;Não
649;Trachemys scripta;;;"97720000499
1619";Chip;;;I;;;;;;1;;Não
650;Trachemys scripta;;;"97720000502
6527";Chip;;;F;;;;;;1;;Não
651;Trachemys scripta;;;"97720000503
2300";Chip;;;F;;;;;;1;;Não
652;Trachemys scripta;;;"97720000507
8286";Chip;;;I;;;;;;1;;Não
653;Trachemys scripta;;;"97720000508
8606";Chip;;;F;;;;;;1;;Não
654;Tremarctos ornatus;;Urso-andino;136794;Chip;;;M;04/06/2009;;;;;1;;Não
655;Tupinambis  spp.;;Teiú;"97720000493
1196";Chip;;;F;;;;;;1;;Não
656;"Tupinambis
rufescens";;Teiú-vermelho;"97720000492
8097";Chip;;;M;;;;;;1;;Não
657;Tupinambis spp.;;Teiú;"97720000134
1788";Chip;;;M;;;;;;1;;Não
658;"Turdus
amaurochalinus";;Sabiá-poca;"ZOO DF H
179";Anilha Aberta;;;M;;;;;;1;;Não
659;"Turdus
amaurochalinus";;Sabiá-poca;"ZOO DF H
197";Anilha Aberta;;;I;;;;;;1;;Não
660;Turdus fumigatus;;Sabiá-da-mata;"IBAMA OA
4,0 104501";Anilha Fechada;;;M;;;;;;1;;Não
661;Turdus rufiventris;;Sabiá-laranjeira;"ZOO DF H
196";Anilha Aberta;;;I;;;;;;1;;Não
662;Tyto alba;;"Coruja-da-igreja, Coruja-das-igrejas,
Suindara";"97720000489
5070";Chip;;;I;;;;;;1;;Não
663;Tyto alba;;"Coruja-da-igreja, Coruja-das-igrejas,
Suindara";"97720000489
8728";Chip;;;I;;;;;;1;;Não
664;Tyto alba;;"Coruja-da-igreja,
Coruja-das-igrejas, Suindara";"97720000493
0546";Chip;;;I;;;;;;1;;Não
665;Tyto alba;;"Coruja-da-igreja,
Coruja-das-igrejas, Suindara";"97720000493
2790";Chip;;;I;;;;;;1;;Não
666;Vanellus chilensis;;Quero-quero;"97720000489
5340 ZOO DF
N 305";Chip;;;M;;;;;;1;;Não
